id,label
tensor(3),1.3719775134993147e-16
tensor(1),1.4387864695903892e-15
tensor(0),3.0608955197760437e-19
tensor(2),6.550347819711533e-08
